 1.000, 2.000, 3.000, 4.000, 5.000
 0.626, 0.546, 0.132, 0.000, 0.000
 0.573, 2.370, 0.149, 1.000, 1.000
 0.511, 1.102, 0.149, 1.000, 1.000
 0.770, 0.190, 0.948, 1.000, 1.000
 0.693, 0.900, 0.526, 1.000, 1.000
 0.587, 1.250, 0.292, 1.000, 1.000
 0.420, 0.378, 0.442, 0.000, 1.000
 0.581, 0.810, 1.053, 1.000, 1.000
 0.678, 0.142, 0.788, 0.000, 1.000
 0.854, 0.501, 0.141, 1.000, 1.000
 1.746, 0.371, 0.303, 0.000, 1.000
 1.382, 0.479, 0.485, 1.000, 1.000
 1.296, 0.427, 0.181, 1.000, 1.000
 0.757, 0.218, 0.933, 1.000, 1.000
 0.667, 1.826, 0.149, 1.000, 0.000
 1.042, 0.052, 1.325, 0.000, 1.000
 2.921, 0.924, 0.427, 0.000, 1.000
 1.333, 0.615, 1.006, 1.000, 1.000
 0.634, 1.374, 0.149, 1.000, 1.000
 1.043, 0.301, 0.635, 1.000, 1.000
 0.480, 1.258, 0.448, 1.000, 1.000
 0.583, 0.541, 0.149, 0.000, 0.000
 0.542, 0.405, 0.448, 1.000, 1.000
 0.563, 0.573, 0.267, 0.000, 1.000
 0.524, 0.392, 0.149, 1.000, 0.000
 1.713, 0.982, 0.526, 1.000, 1.000
 0.579, 0.037, 0.149, 1.000, 1.000
 0.490, 0.448, 0.502, 1.000, 1.000
 0.629, 0.575, 1.231, 1.000, 1.000
 0.832, 1.152, 0.316, 1.000, 1.000
 1.364, 0.965, 1.013, 0.000, 0.000
 0.592, 1.867, 0.158, 0.000, 0.000
 1.427, 0.518, 0.950, 0.000, 1.000
 0.453, 1.854, 0.149, 1.000, 1.000
 0.104, 1.115, 0.308, 1.000, 1.000
 0.996, 1.336, 0.548, 1.000, 0.000
 0.628, 0.930, 0.149, 0.000, 0.000
 0.501, 0.812, 0.381, 1.000, 1.000
 0.539, 0.363, 0.126, 1.000, 1.000
 0.618, 0.464, 1.224, 1.000, 1.000
 1.007, 1.507, 0.541, 1.000, 1.000
 0.466, 0.098, 0.442, 1.000, 1.000
 0.541, 0.511, 0.264, 1.000, 1.000
 0.769, 2.872, 0.188, 0.000, 0.000
 0.493, 0.741, 0.496, 1.000, 1.000
 0.654, 0.735, 1.056, 1.000, 1.000
 0.478, 0.045, 1.083, 1.000, 1.000
 0.688, 1.039, 0.676, 1.000, 0.000
 0.527, 1.609, 0.149, 0.000, 1.000
 0.466, 0.879, 0.445, 1.000, 1.000
 1.731, 0.934, 0.387, 0.000, 1.000
 0.550, 0.920, 0.367, 1.000, 1.000
 0.630, 0.745, 0.149, 0.000, 0.000
 0.520, 0.464, 0.375, 0.000, 1.000
 0.270, 0.933, 0.306, 1.000, 1.000
 2.152, 0.284, 0.149, 0.000, 1.000
 1.004, 0.029, 0.477, 1.000, 1.000
 1.767, 0.905, 0.843, 0.000, 1.000
 0.650, 0.515, 0.647, 1.000, 1.000
 0.454, 0.003, 0.664, 1.000, 1.000
 0.567, 2.995, 0.540, 1.000, 1.000
 1.636, 0.417, 0.539, 1.000, 1.000
 1.128, 0.742, 0.771, 1.000, 1.000
 1.761, 0.368, 0.828, 1.000, 1.000
 0.447, 0.660, 0.274, 1.000, 1.000
 1.536, 1.380, 0.377, 0.000, 0.000
 0.844, 0.062, 1.004, 1.000, 1.000
 0.627, 0.421, 0.440, 1.000, 1.000
 0.523, 1.526, 0.278, 0.000, 1.000
 0.743, 4.042, 0.320, 1.000, 1.000
 0.978, 0.147, 0.149, 0.000, 0.000
 0.510, 1.066, 0.587, 0.000, 1.000
 0.725, 2.519, 0.149, 1.000, 0.000
 0.621, 0.015, 0.149, 1.000, 1.000
 0.495, 1.325, 0.149, 0.000, 1.000
 1.653, 0.192, 0.104, 0.000, 0.000
 0.729, 0.328, 0.422, 1.000, 1.000
 0.830, 0.239, 0.353, 1.000, 1.000
 0.634, 1.345, 0.396, 1.000, 1.000
 0.641, 0.468, 0.149, 1.000, 1.000
 0.487, 0.967, 0.272, 1.000, 1.000
 0.630, 1.964, 0.410, 1.000, 1.000
 0.454, 1.006, 0.537, 1.000, 1.000
 0.576, 1.508, 0.149, 1.000, 1.000
 0.512, 2.300, 0.646, 1.000, 1.000
 2.126, 0.047, 0.519, 1.000, 1.000
 0.568, 0.719, 0.149, 1.000, 1.000
 0.525, 0.572, 0.346, 1.000, 1.000
 0.590, 0.023, 0.583, 1.000, 1.000
 1.342, 1.105, 0.415, 1.000, 1.000
 0.628, 0.427, 0.149, 1.000, 1.000
 0.516, 1.332, 0.149, 0.000, 0.000
 0.229, 0.416, 0.737, 1.000, 1.000
 0.574, 1.161, 0.624, 1.000, 1.000
 0.519, 0.989, 0.149, 1.000, 1.000
 0.906, 0.984, 0.882, 1.000, 1.000
 0.704, 1.056, 0.149, 1.000, 1.000
 0.653, 0.639, 0.149, 0.000, 0.000
 0.694, 0.226, 0.365, 1.000, 1.000
 0.621, 1.702, 0.518, 1.000, 1.000
 1.059, 0.359, 0.439, 1.000, 1.000
 0.726, 1.772, 0.374, 1.000, 1.000
 0.583, 0.157, 0.149, 1.000, 1.000
 0.459, 0.830, 0.479, 1.000, 1.000
 1.118, 0.100, 0.279, 1.000, 1.000
 0.680, 1.089, 0.149, 1.000, 1.000
 0.745, 0.603, 0.149, 1.000, 1.000
 0.959, 1.938, 0.280, 1.000, 1.000
 0.587, 0.994, 0.332, 1.000, 1.000
 1.462, 0.458, 0.782, 1.000, 1.000
 1.035, 0.616, 0.502, 1.000, 1.000
 0.493, 0.511, 0.096, 1.000, 1.000
 0.625, 0.605, 0.149, 1.000, 1.000
 0.587, 0.963, 1.041, 1.000, 1.000
 0.702, 0.805, 0.149, 1.000, 1.000
 0.533, 0.649, 0.149, 0.000, 0.000
 0.593, 1.096, 0.149, 1.000, 1.000
 1.418, 2.638, 0.772, 1.000, 1.000
 0.501, 0.844, 0.599, 1.000, 1.000
 0.626, 2.228, 0.518, 1.000, 1.000
 0.577, 2.028, 0.149, 1.000, 1.000
 0.591, 0.612, 0.353, 1.000, 1.000
 1.331, 0.212, 0.181, 1.000, 1.000
 0.696, 2.630, 0.507, 0.000, 1.000
 0.564, 0.061, 0.517, 0.000, 0.000
 0.938, 0.476, 1.085, 1.000, 1.000
 0.521, 0.139, 1.072, 0.000, 0.000
 0.640, 0.276, 0.531, 0.000, 0.000
 0.698, 0.564, 0.310, 1.000, 1.000
 0.516, 0.617, 0.501, 1.000, 1.000
 0.573, 0.158, 0.634, 1.000, 1.000
 0.452, 1.164, 0.522, 1.000, 1.000
 0.646, 2.344, 0.149, 1.000, 1.000
 0.776, 0.805, 0.348, 1.000, 1.000
 0.591, 2.215, 0.124, 1.000, 0.000
 1.444, 0.591, 0.763, 1.000, 1.000
 0.802, 0.131, 0.707, 0.000, 0.000
 0.486, 0.799, 0.273, 1.000, 1.000
 0.848, 0.060, 0.364, 0.000, 0.000
 0.599, 0.155, 0.279, 1.000, 1.000
 0.626, 0.090, 0.149, 0.000, 1.000
 0.494, 0.903, 0.436, 0.000, 0.000
 1.344, 1.332, 0.496, 0.000, 0.000
 0.598, 0.363, 1.244, 1.000, 1.000
 1.403, 0.817, 0.872, 0.000, 0.000
 1.389, 0.704, 1.094, 1.000, 1.000
 0.611, 0.042, 0.436, 0.000, 0.000
 1.327, 0.004, 0.901, 0.000, 1.000
 0.269, 1.562, 0.149, 1.000, 1.000
 0.522, 0.360, 0.163, 1.000, 1.000
 0.551, 0.495, 0.896, 1.000, 1.000
 1.331, 0.531, 0.798, 1.000, 1.000
 0.591, 0.766, 0.492, 1.000, 1.000
 1.532, 1.069, 0.427, 0.000, 0.000
 0.806, 1.106, 0.532, 1.000, 1.000
 0.667, 0.274, 0.529, 1.000, 1.000
 0.516, 0.243, 0.498, 1.000, 1.000
 0.730, 1.566, 0.149, 0.000, 0.000
 0.651, 0.838, 0.577, 0.000, 1.000
 0.553, 0.986, 0.069, 1.000, 1.000
 0.572, 0.092, 1.186, 0.000, 1.000
 0.714, 1.071, 0.278, 1.000, 1.000
 1.094, 1.107, 0.453, 1.000, 0.000
 0.674, 0.256, 1.185, 1.000, 1.000
 0.678, 1.141, 0.281, 1.000, 0.000
 0.455, 1.799, 0.493, 1.000, 1.000
 0.476, 0.029, 0.149, 0.000, 0.000
 0.549, 0.135, 0.149, 1.000, 0.000
 1.253, 0.394, 0.481, 1.000, 1.000
 0.534, 1.089, 0.291, 1.000, 1.000
 0.786, 0.896, 0.316, 1.000, 1.000
 0.479, 0.915, 0.149, 0.000, 1.000
 0.648, 0.583, 0.399, 1.000, 0.000
 0.589, 1.140, 0.149, 1.000, 1.000
 0.479, 0.104, 1.039, 1.000, 1.000
 0.609, 0.407, 0.149, 1.000, 1.000
 0.683, 1.171, 0.149, 0.000, 1.000
 0.656, 0.272, 0.149, 0.000, 1.000
 0.532, 1.867, 0.358, 1.000, 1.000
 0.730, 0.063, 0.149, 0.000, 1.000
 0.903, 0.820, 1.124, 1.000, 1.000
 0.573, 0.291, 0.065, 0.000, 0.000
 2.729, 0.672, 0.435, 0.000, 1.000
 0.663, 0.697, 0.149, 0.000, 0.000
 1.203, 0.710, 0.495, 1.000, 1.000
 0.659, 1.012, 0.149, 1.000, 1.000
 0.487, 0.071, 0.149, 1.000, 1.000
 0.297, 1.372, 0.106, 1.000, 1.000
 0.680, 0.907, 0.547, 0.000, 1.000
 0.665, 2.837, 0.149, 1.000, 1.000
 0.736, 1.463, 0.398, 1.000, 0.000
 1.413, 0.564, 0.591, 1.000, 1.000
 0.724, 0.831, 0.280, 1.000, 1.000
 0.874, 1.682, 0.142, 1.000, 0.000
 0.594, 1.761, 0.149, 0.000, 0.000
 0.699, 0.458, 0.274, 0.000, 1.000
 0.826, 0.732, 0.415, 1.000, 1.000
 0.623, 0.024, 0.211, 1.000, 1.000
 1.003, 1.347, 0.180, 1.000, 1.000
 0.475, 1.050, 0.280, 1.000, 1.000
 0.659, 1.933, 0.639, 0.000, 0.000
 0.132, 0.636, 0.449, 1.000, 1.000
 0.678, 0.422, 1.118, 1.000, 1.000
 0.687, 0.261, 0.149, 1.000, 1.000
 0.832, 0.886, 1.042, 0.000, 0.000
 0.736, 1.419, 0.526, 1.000, 1.000
 0.942, 2.034, 0.872, 1.000, 1.000
 0.481, 1.084, 0.275, 1.000, 1.000
 0.538, 0.088, 0.149, 0.000, 1.000
 0.503, 1.027, 0.277, 1.000, 0.000
 0.515, 0.750, 0.672, 0.000, 0.000
 1.336, 0.226, 0.495, 1.000, 1.000
 0.431, 0.132, 0.149, 1.000, 1.000
 0.929, 1.022, 0.475, 1.000, 1.000
 0.554, 0.606, 0.149, 1.000, 1.000
 1.144, 0.221, 0.754, 1.000, 1.000
 0.466, 1.103, 0.521, 1.000, 1.000
 0.770, 1.351, 0.186, 1.000, 1.000
 0.473, 0.143, 0.229, 1.000, 1.000
 0.462, 2.261, 0.149, 1.000, 1.000
 1.085, 0.386, 1.079, 1.000, 1.000
 0.779, 1.294, 0.582, 1.000, 0.000
 0.121, 0.246, 1.069, 0.000, 1.000
 0.528, 0.543, 0.273, 1.000, 1.000
 0.556, 0.414, 0.096, 1.000, 1.000
 1.629, 0.391, 0.149, 1.000, 1.000
 0.593, 0.022, 0.106, 0.000, 1.000
 1.894, 0.172, 0.353, 0.000, 1.000
 0.559, 0.322, 0.144, 1.000, 1.000
 0.665, 1.980, 0.149, 1.000, 1.000
 0.454, 0.338, 0.177, 1.000, 1.000
 1.684, 0.147, 0.278, 1.000, 1.000
 0.662, 2.492, 0.399, 1.000, 1.000
 0.520, 0.568, 0.456, 1.000, 1.000
 0.578, 0.256, 0.141, 1.000, 1.000
 0.548, 1.087, 0.124, 1.000, 0.000
 0.519, 0.815, 0.149, 0.000, 0.000
 0.562, 0.299, 0.533, 1.000, 1.000
 1.536, 0.155, 0.828, 1.000, 1.000
 0.678, 1.058, 0.149, 1.000, 0.000
 0.486, 0.600, 0.149, 0.000, 1.000
 0.527, 0.575, 0.149, 1.000, 0.000
 0.728, 1.112, 0.149, 0.000, 0.000
 0.726, 0.055, 0.366, 1.000, 1.000
 1.338, 0.331, 0.284, 1.000, 1.000
 0.657, 0.595, 0.137, 0.000, 1.000
 0.728, 0.478, 0.414, 0.000, 1.000
 0.636, 0.529, 0.149, 1.000, 1.000
 0.713, 2.930, 0.475, 1.000, 0.000
 1.727, 0.281, 0.189, 0.000, 0.000
 0.509, 0.417, 0.285, 1.000, 1.000
 0.510, 0.087, 0.319, 1.000, 1.000
 0.581, 0.739, 0.149, 1.000, 1.000
 0.645, 0.489, 0.143, 0.000, 0.000
 0.855, 0.209, 0.186, 0.000, 0.000
 0.592, 0.122, 0.359, 1.000, 1.000
 0.643, 0.271, 0.404, 1.000, 1.000
 0.665, 0.869, 0.268, 0.000, 1.000
 0.201, 1.765, 1.065, 1.000, 1.000
 0.647, 1.074, 0.637, 1.000, 1.000
 1.136, 0.266, 0.503, 0.000, 1.000
 0.626, 4.767, 0.439, 0.000, 0.000
 0.684, 0.084, 1.143, 0.000, 1.000
 1.012, 2.961, 0.386, 1.000, 1.000
 0.690, 1.015, 0.544, 1.000, 1.000
 0.692, 0.949, 1.121, 1.000, 1.000
 1.980, 0.914, 0.340, 0.000, 0.000
 0.474, 1.397, 1.162, 1.000, 1.000
 0.607, 0.725, 0.187, 1.000, 1.000
 0.648, 0.506, 0.149, 1.000, 1.000
 0.485, 0.137, 0.498, 1.000, 1.000
 0.606, 0.145, 0.149, 1.000, 1.000
 0.539, 0.491, 0.149, 1.000, 1.000
 0.535, 0.018, 0.333, 1.000, 1.000
 0.638, 1.421, 0.637, 1.000, 1.000
 0.541, 0.214, 0.334, 1.000, 1.000
 0.558, 0.996, 0.516, 1.000, 1.000
 0.460, 0.007, 0.149, 1.000, 1.000
 0.523, 0.604, 0.184, 1.000, 1.000
 0.660, 1.208, 0.149, 1.000, 1.000
 0.586, 0.125, 0.188, 0.000, 0.000
 1.231, 0.869, 1.016, 1.000, 1.000
 0.785, 1.642, 0.411, 1.000, 1.000
 0.746, 0.765, 0.846, 1.000, 1.000
 0.941, 0.305, 1.067, 1.000, 1.000
 0.599, 2.062, 0.413, 1.000, 1.000
 0.361, 0.864, 0.111, 1.000, 1.000
 0.470, 0.900, 0.549, 1.000, 1.000
 0.432, 0.321, 0.149, 1.000, 1.000
 0.525, 0.109, 0.327, 1.000, 1.000
 0.972, 0.410, 0.391, 1.000, 1.000
 1.101, 1.423, 0.847, 1.000, 1.000
 0.687, 0.908, 0.618, 1.000, 1.000
 1.310, 0.023, 0.933, 0.000, 0.000
 0.648, 0.906, 0.149, 1.000, 1.000
 0.454, 0.116, 0.653, 0.000, 1.000
 1.113, 0.221, 0.149, 1.000, 1.000
 0.605, 1.312, 0.149, 1.000, 1.000
 0.597, 0.241, 0.149, 1.000, 1.000
 0.448, 0.890, 0.540, 1.000, 0.000
 0.614, 0.645, 0.285, 0.000, 0.000
 0.512, 0.845, 0.288, 1.000, 1.000
 1.876, 0.017, 0.343, 0.000, 0.000
 1.223, 0.133, 0.141, 1.000, 1.000
 0.491, 0.839, 0.501, 1.000, 1.000
 0.909, 0.345, 0.070, 1.000, 1.000
 1.253, 0.971, 0.341, 1.000, 1.000
 0.450, 1.771, 0.165, 1.000, 1.000
 0.560, 0.164, 0.584, 1.000, 1.000
 0.974, 1.285, 1.147, 1.000, 1.000
 0.299, 0.822, 0.149, 1.000, 1.000
 0.481, 0.512, 0.386, 1.000, 0.000
 0.647, 2.416, 0.490, 0.000, 0.000
 0.490, 0.531, 0.521, 1.000, 1.000
 0.470, 2.206, 1.079, 0.000, 0.000
 0.590, 0.289, 0.227, 0.000, 1.000
 0.589, 1.027, 0.506, 1.000, 1.000
 0.249, 2.510, 0.312, 1.000, 1.000
 1.497, 0.946, 0.663, 0.000, 1.000
 0.998, 0.085, 0.181, 0.000, 0.000
 0.770, 1.586, 0.173, 1.000, 1.000
 0.771, 1.911, 0.328, 1.000, 1.000
 0.403, 0.524, 0.149, 0.000, 0.000
 1.580, 0.159, 0.106, 0.000, 1.000
 0.641, 0.225, 0.540, 1.000, 1.000
 0.682, 0.899, 0.368, 1.000, 1.000
 0.769, 0.588, 0.149, 1.000, 1.000
 0.463, 1.268, 0.226, 1.000, 1.000
 0.474, 0.229, 0.650, 1.000, 1.000
 0.549, 2.150, 0.149, 1.000, 0.000
 0.832, 0.558, 0.810, 1.000, 1.000
 0.657, 0.176, 0.450, 0.000, 0.000
 0.501, 0.744, 0.149, 1.000, 1.000
 0.762, 2.066, 0.395, 1.000, 1.000
 0.645, 0.308, 0.533, 1.000, 1.000
 0.572, 0.129, 0.532, 1.000, 1.000
 0.623, 0.262, 0.274, 1.000, 1.000
 0.526, 0.741, 0.537, 1.000, 1.000
 0.644, 1.452, 0.149, 0.000, 0.000
 1.124, 0.096, 1.127, 1.000, 1.000
 0.638, 0.933, 0.149, 1.000, 1.000
 0.550, 1.611, 0.149, 0.000, 1.000
 1.360, 0.295, 0.373, 1.000, 1.000
 0.288, 0.148, 0.614, 0.000, 1.000
 0.547, 2.411, 0.640, 1.000, 1.000
 0.750, 0.653, 1.132, 1.000, 1.000
 1.281, 0.442, 1.311, 0.000, 0.000
 0.678, 2.180, 0.412, 1.000, 1.000
 1.774, 0.386, 0.672, 0.000, 1.000
 0.570, 1.648, 0.149, 0.000, 1.000
 1.713, 0.076, 0.248, 1.000, 1.000
 0.604, 0.902, 0.149, 1.000, 1.000
 0.523, 1.190, 0.281, 1.000, 1.000
 0.848, 0.578, 0.137, 1.000, 0.000
 0.484, 1.431, 0.340, 1.000, 0.000
 0.808, 0.142, 0.331, 1.000, 1.000
 0.675, 1.814, 1.140, 1.000, 1.000
 2.335, 0.321, 0.416, 1.000, 1.000
 0.680, 0.642, 0.149, 0.000, 0.000
 0.658, 2.058, 0.424, 0.000, 0.000
 0.249, 0.433, 0.632, 1.000, 1.000
 0.556, 0.398, 0.245, 1.000, 0.000
 0.471, 0.639, 0.333, 0.000, 0.000
 0.564, 0.234, 1.046, 1.000, 1.000
 0.570, 0.643, 0.149, 1.000, 1.000
 0.772, 1.123, 0.537, 0.000, 0.000
 0.540, 1.518, 0.063, 0.000, 1.000
 0.247, 0.290, 0.394, 0.000, 1.000
 0.467, 0.709, 0.477, 1.000, 1.000
 0.684, 0.904, 0.765, 1.000, 1.000
 0.652, 0.245, 0.149, 0.000, 1.000
 0.581, 1.092, 0.149, 1.000, 1.000
 0.479, 0.517, 1.171, 0.000, 1.000
 0.492, 0.678, 0.393, 1.000, 0.000
 1.134, 0.316, 0.447, 1.000, 1.000
 0.690, 0.681, 0.392, 1.000, 1.000
 0.787, 0.044, 0.329, 1.000, 1.000
 0.687, 0.510, 0.149, 1.000, 1.000
 0.567, 0.003, 0.841, 1.000, 1.000
 0.615, 0.086, 0.224, 0.000, 1.000
 0.445, 0.296, 0.334, 1.000, 1.000
 0.587, 1.001, 0.149, 0.000, 0.000
 1.662, 0.266, 0.575, 0.000, 1.000
 0.657, 0.082, 0.149, 1.000, 1.000
 0.803, 0.126, 0.848, 1.000, 1.000
 0.880, 0.208, 1.022, 1.000, 1.000
 0.762, 0.122, 0.149, 0.000, 1.000
 0.840, 0.558, 0.191, 1.000, 1.000
 0.652, 0.446, 0.149, 1.000, 1.000
 0.465, 0.454, 0.335, 1.000, 1.000
 0.348, 0.206, 0.149, 0.000, 1.000
 0.497, 0.120, 0.149, 1.000, 1.000
 0.570, 0.805, 0.172, 1.000, 1.000
 0.775, 0.076, 0.562, 0.000, 1.000
 0.525, 0.387, 0.149, 0.000, 0.000
 0.539, 0.921, 0.676, 0.000, 1.000
 0.459, 1.029, 0.149, 1.000, 0.000
 0.660, 1.168, 0.149, 1.000, 1.000
 0.567, 0.757, 0.149, 1.000, 1.000
 0.548, 1.420, 0.650, 0.000, 1.000
 0.583, 2.091, 0.149, 1.000, 1.000
 0.618, 0.975, 0.073, 1.000, 0.000
 0.491, 1.693, 0.291, 1.000, 1.000
 1.078, 2.042, 0.369, 1.000, 1.000
 1.403, 2.216, 0.351, 1.000, 0.000
 0.591, 0.069, 1.190, 1.000, 1.000
 0.776, 0.761, 0.397, 1.000, 0.000
 0.318, 0.626, 0.472, 1.000, 1.000
 0.643, 0.810, 0.525, 1.000, 1.000
 0.666, 1.820, 0.149, 1.000, 1.000
 0.668, 0.431, 0.217, 0.000, 1.000
 0.610, 0.129, 0.149, 1.000, 0.000
 0.621, 0.526, 0.149, 1.000, 1.000
 0.458, 1.567, 0.311, 1.000, 0.000
 0.614, 0.290, 0.149, 1.000, 1.000
 0.487, 0.465, 0.149, 1.000, 1.000
 0.581, 0.143, 1.007, 0.000, 0.000
 0.479, 0.114, 0.477, 0.000, 1.000
 0.644, 0.021, 0.634, 0.000, 1.000
 1.733, 0.279, 0.149, 1.000, 1.000
 1.537, 0.988, 0.726, 1.000, 1.000
 0.550, 1.099, 0.149, 0.000, 1.000
 0.973, 0.270, 0.199, 1.000, 1.000
 0.550, 1.932, 0.806, 1.000, 1.000
 0.650, 0.959, 0.149, 1.000, 1.000
 1.624, 1.596, 0.520, 1.000, 0.000
 2.169, 0.837, 0.348, 0.000, 0.000
 0.500, 0.114, 0.667, 1.000, 1.000
 0.466, 1.772, 0.289, 1.000, 1.000
 0.528, 0.063, 0.135, 0.000, 1.000
 1.743, 0.415, 0.329, 1.000, 1.000
 0.645, 0.837, 0.149, 1.000, 1.000
 0.599, 1.913, 0.321, 0.000, 1.000
 0.334, 0.052, 0.679, 1.000, 1.000
 0.686, 0.889, 1.082, 0.000, 1.000
 0.690, 1.375, 0.390, 1.000, 1.000
 0.758, 0.779, 0.119, 0.000, 0.000
 0.537, 1.446, 0.633, 1.000, 1.000
 0.824, 0.108, 1.214, 1.000, 1.000
 0.551, 0.996, 0.149, 0.000, 0.000
 0.641, 1.127, 0.149, 1.000, 1.000
 0.509, 0.106, 0.304, 1.000, 1.000
 0.481, 0.813, 0.321, 1.000, 1.000
 0.703, 2.636, 0.493, 0.000, 1.000
 0.571, 0.010, 0.149, 0.000, 1.000
 0.500, 0.291, 1.099, 0.000, 1.000
 0.516, 0.946, 0.525, 1.000, 1.000
 0.534, 2.276, 0.149, 1.000, 1.000
 0.615, 0.384, 0.198, 1.000, 1.000
 0.688, 0.347, 0.152, 0.000, 0.000
 0.510, 0.385, 0.450, 1.000, 1.000
 0.457, 0.129, 0.096, 1.000, 1.000
 0.546, 2.024, 0.149, 1.000, 0.000
 0.696, 0.078, 1.089, 1.000, 1.000
 0.467, 0.577, 0.339, 1.000, 1.000
 0.563, 1.306, 0.405, 1.000, 0.000
 1.627, 0.148, 0.233, 1.000, 1.000
 0.475, 0.029, 0.997, 0.000, 1.000
 0.609, 0.899, 0.149, 1.000, 1.000
 0.612, 0.327, 1.070, 1.000, 1.000
 0.626, 0.937, 0.149, 0.000, 0.000
 0.649, 0.656, 0.228, 0.000, 1.000
 0.861, 0.542, 0.140, 1.000, 1.000
 0.553, 1.003, 0.121, 0.000, 1.000
 0.847, 1.147, 0.277, 1.000, 1.000
 0.792, 1.589, 0.874, 1.000, 1.000
 1.641, 0.415, 0.652, 1.000, 1.000
 0.641, 0.273, 0.488, 1.000, 0.000
 0.487, 0.847, 0.149, 0.000, 1.000
 1.150, 0.056, 0.845, 1.000, 1.000
 0.669, 0.196, 0.684, 1.000, 1.000
 0.557, 2.570, 0.149, 1.000, 1.000
 0.698, 0.333, 0.149, 1.000, 1.000
 0.488, 1.119, 0.615, 1.000, 1.000
 0.920, 0.021, 0.417, 1.000, 1.000
 1.092, 0.589, 1.098, 1.000, 1.000
 0.644, 0.654, 0.473, 1.000, 0.000
 0.510, 0.099, 1.080, 1.000, 1.000
 0.638, 0.883, 0.149, 1.000, 1.000
 0.623, 2.697, 0.413, 0.000, 0.000
 0.551, 1.270, 0.149, 1.000, 1.000
 0.471, 0.400, 0.149, 1.000, 1.000
 0.657, 1.099, 0.149, 1.000, 1.000
 0.211, 1.267, 0.670, 1.000, 1.000
 0.458, 1.450, 0.524, 0.000, 0.000
 0.609, 1.894, 0.149, 1.000, 1.000
 0.683, 1.017, 0.546, 1.000, 1.000
 0.589, 1.309, 0.728, 1.000, 1.000
 0.591, 1.039, 0.447, 1.000, 1.000
 1.510, 0.410, 0.178, 1.000, 1.000
 1.112, 0.632, 0.473, 1.000, 0.000
 0.601, 1.640, 0.149, 0.000, 1.000
 0.555, 0.055, 0.332, 1.000, 1.000
 0.376, 0.876, 0.658, 1.000, 1.000
 0.561, 0.863, 0.868, 1.000, 1.000
 0.670, 1.011, 0.149, 0.000, 1.000
 0.554, 0.845, 0.646, 1.000, 1.000
 0.461, 0.100, 0.351, 1.000, 1.000
 0.595, 0.289, 0.137, 1.000, 1.000
 0.712, 1.409, 0.545, 1.000, 1.000
 1.720, 0.451, 0.235, 1.000, 1.000
 0.480, 1.475, 0.551, 1.000, 1.000
 0.523, 0.447, 1.056, 1.000, 1.000
 0.885, 0.353, 0.499, 0.000, 0.000
 0.535, 0.356, 0.225, 0.000, 1.000
 0.564, 0.346, 0.149, 0.000, 0.000
 0.514, 1.068, 0.149, 1.000, 1.000
 0.842, 1.680, 0.526, 0.000, 0.000
 0.486, 1.104, 1.177, 0.000, 1.000
 0.576, 0.571, 0.436, 0.000, 1.000
 0.571, 0.913, 0.149, 0.000, 1.000
 0.507, 0.031, 0.283, 0.000, 1.000
 0.473, 0.651, 0.398, 1.000, 1.000
 0.507, 1.075, 0.149, 1.000, 0.000
 0.631, 0.655, 0.540, 1.000, 1.000
 0.300, 0.657, 0.390, 1.000, 1.000
 0.472, 0.425, 0.658, 1.000, 1.000
 0.532, 0.026, 0.795, 0.000, 0.000
 0.655, 0.181, 0.359, 0.000, 1.000
 1.397, 2.523, 0.663, 0.000, 1.000
 0.461, 1.169, 0.445, 1.000, 1.000
 0.532, 0.594, 0.312, 1.000, 1.000
 0.712, 0.070, 0.493, 0.000, 1.000
 0.823, 0.309, 0.149, 1.000, 1.000
 1.539, 2.079, 0.521, 1.000, 1.000
 0.829, 0.120, 0.397, 1.000, 1.000
 0.630, 0.496, 0.149, 0.000, 1.000
 0.787, 0.792, 0.149, 0.000, 0.000
 0.555, 0.158, 1.287, 1.000, 1.000
 0.835, 0.694, 0.414, 0.000, 0.000
 0.768, 0.923, 0.549, 1.000, 1.000
 0.488, 0.521, 0.280, 0.000, 0.000
 0.775, 0.248, 1.240, 1.000, 1.000
 0.497, 0.062, 0.325, 0.000, 1.000
 0.984, 0.518, 0.404, 1.000, 1.000
 0.813, 0.669, 0.281, 0.000, 0.000
 1.322, 2.039, 0.286, 0.000, 1.000
 0.634, 1.787, 0.859, 1.000, 1.000
 0.655, 0.016, 0.511, 1.000, 1.000
 0.499, 0.490, 0.692, 1.000, 1.000
 0.578, 0.010, 0.149, 0.000, 0.000
 0.754, 0.456, 0.546, 1.000, 1.000
 0.660, 2.740, 1.086, 1.000, 1.000
 0.471, 0.167, 0.149, 1.000, 1.000
 0.828, 0.614, 0.138, 1.000, 1.000
 0.544, 0.528, 0.126, 1.000, 1.000
 0.629, 1.712, 0.149, 1.000, 1.000
 1.042, 0.757, 1.052, 1.000, 1.000
 0.801, 0.611, 1.059, 0.000, 0.000
 0.562, 0.628, 0.149, 0.000, 0.000
 0.632, 2.840, 0.149, 1.000, 1.000
 0.483, 0.132, 0.149, 0.000, 0.000
 1.660, 0.839, 0.796, 1.000, 1.000
 0.451, 1.423, 0.336, 1.000, 1.000
 0.537, 0.824, 0.538, 1.000, 1.000
 0.706, 0.371, 0.280, 1.000, 1.000
 0.633, 0.580, 0.149, 1.000, 1.000
 0.661, 0.228, 0.326, 1.000, 1.000
 0.564, 1.465, 0.149, 0.000, 1.000
 0.663, 0.197, 0.202, 0.000, 1.000
 0.810, 0.493, 0.549, 1.000, 1.000
 0.506, 1.892, 0.529, 1.000, 1.000
 1.128, 0.680, 0.284, 1.000, 1.000
 0.480, 1.715, 0.764, 1.000, 1.000
 2.559, 0.115, 0.414, 1.000, 1.000
 0.372, 0.376, 1.134, 1.000, 1.000
 0.457, 0.174, 0.321, 1.000, 1.000
 0.569, 0.180, 0.121, 1.000, 1.000
 1.244, 0.673, 0.393, 1.000, 1.000
 0.487, 0.247, 0.149, 0.000, 1.000
 0.593, 1.524, 1.153, 1.000, 1.000
 0.556, 2.211, 0.406, 1.000, 1.000
 0.956, 0.225, 1.112, 0.000, 1.000
 0.578, 0.973, 0.909, 1.000, 1.000
 0.656, 0.457, 0.149, 0.000, 1.000
 0.477, 0.195, 0.651, 1.000, 1.000
 0.480, 0.417, 0.576, 1.000, 1.000
 0.479, 0.511, 0.102, 1.000, 0.000
 0.590, 0.630, 0.292, 1.000, 1.000
 1.009, 0.706, 0.391, 1.000, 1.000
 0.555, 0.140, 1.074, 1.000, 1.000
 0.682, 2.151, 0.371, 1.000, 1.000
 2.256, 0.003, 0.404, 0.000, 1.000
 0.528, 0.425, 0.588, 1.000, 1.000
 1.817, 1.777, 0.769, 1.000, 1.000
 0.655, 0.474, 0.149, 0.000, 1.000
 1.389, 0.165, 0.795, 1.000, 1.000
 0.432, 0.491, 0.149, 1.000, 1.000
 0.176, 0.153, 0.337, 1.000, 1.000
 0.481, 0.025, 0.382, 1.000, 1.000
 0.627, 1.634, 0.643, 0.000, 1.000
 0.576, 0.901, 0.149, 1.000, 1.000
 0.637, 1.090, 0.149, 0.000, 0.000
 0.598, 0.358, 0.177, 1.000, 1.000
 2.372, 0.777, 0.480, 0.000, 1.000
 0.936, 1.449, 0.593, 0.000, 0.000
 0.463, 0.231, 0.385, 1.000, 1.000
 0.586, 1.479, 0.149, 1.000, 1.000
 0.481, 0.131, 0.149, 1.000, 1.000
 1.193, 0.269, 0.564, 1.000, 0.000
 0.660, 0.569, 0.149, 1.000, 1.000
 0.572, 0.852, 0.149, 1.000, 1.000
 0.863, 1.703, 1.084, 1.000, 1.000
 0.569, 0.826, 0.351, 1.000, 1.000
 0.701, 1.105, 0.149, 1.000, 1.000
 1.025, 0.310, 0.545, 1.000, 1.000
 0.625, 3.056, 0.149, 1.000, 1.000
 0.863, 0.073, 0.331, 1.000, 1.000
 0.560, 1.390, 0.198, 0.000, 0.000
 0.828, 0.038, 0.178, 1.000, 1.000
 0.554, 0.052, 0.149, 1.000, 1.000
 0.564, 1.530, 0.334, 1.000, 1.000
 0.515, 0.274, 0.594, 1.000, 1.000
 0.528, 1.418, 0.136, 1.000, 1.000
 0.599, 0.061, 0.149, 0.000, 1.000
 0.777, 0.982, 0.336, 1.000, 1.000
 0.632, 1.189, 0.149, 0.000, 1.000
 0.657, 0.947, 0.191, 0.000, 1.000
 0.572, 1.072, 0.149, 1.000, 1.000
 0.577, 0.427, 0.149, 0.000, 0.000
 0.395, 0.303, 0.149, 1.000, 1.000
 0.554, 0.014, 0.297, 1.000, 1.000
 1.757, 0.365, 0.294, 1.000, 1.000
 1.206, 0.031, 0.785, 1.000, 1.000
 1.053, 2.190, 0.183, 1.000, 1.000
 0.443, 0.406, 0.336, 1.000, 1.000
 0.542, 0.014, 0.283, 0.000, 1.000
 0.633, 1.665, 0.149, 1.000, 1.000
 0.755, 2.055, 0.149, 1.000, 1.000
 1.569, 0.809, 0.520, 1.000, 1.000
 0.721, 0.399, 1.128, 1.000, 1.000
 1.330, 0.594, 0.555, 1.000, 1.000
 1.102, 0.842, 0.474, 1.000, 1.000
 0.753, 0.101, 0.300, 0.000, 0.000
 0.351, 0.693, 0.149, 1.000, 1.000
 0.504, 0.770, 0.149, 1.000, 1.000
 0.550, 1.865, 0.333, 1.000, 1.000
 0.446, 0.168, 0.281, 1.000, 1.000
 0.495, 1.239, 0.292, 0.000, 0.000
 1.091, 0.168, 0.783, 1.000, 1.000
 0.592, 1.447, 0.149, 1.000, 1.000
 0.684, 3.378, 0.416, 1.000, 1.000
 0.564, 0.617, 0.397, 1.000, 1.000
 0.503, 0.261, 0.222, 1.000, 1.000
 0.561, 0.777, 0.123, 1.000, 1.000
 0.573, 0.452, 0.146, 1.000, 1.000
 0.593, 0.481, 0.451, 1.000, 1.000
 1.606, 0.395, 0.285, 0.000, 1.000
 0.530, 1.141, 0.149, 1.000, 1.000
 0.492, 1.077, 0.515, 1.000, 1.000
 0.577, 0.527, 1.139, 1.000, 1.000
 0.619, 0.942, 0.288, 1.000, 1.000
 1.009, 0.140, 0.210, 1.000, 0.000
 1.267, 0.018, 0.931, 1.000, 1.000
 0.612, 0.284, 0.970, 1.000, 1.000
 1.813, 1.209, 0.375, 0.000, 1.000
 0.644, 1.410, 0.149, 0.000, 0.000
 1.459, 0.136, 0.535, 1.000, 1.000
 1.174, 1.303, 0.283, 1.000, 1.000
 0.478, 1.161, 0.558, 1.000, 0.000
 0.508, 0.297, 0.149, 0.000, 1.000
 1.337, 0.243, 0.283, 1.000, 0.000
 0.686, 0.267, 0.198, 1.000, 1.000
 1.262, 0.268, 0.797, 0.000, 0.000
 0.529, 0.195, 0.227, 0.000, 1.000
 0.650, 0.981, 0.149, 0.000, 0.000
 0.575, 0.050, 0.537, 0.000, 0.000
 0.544, 0.291, 0.360, 0.000, 1.000
 0.694, 0.548, 0.626, 1.000, 1.000
 0.534, 0.658, 0.153, 1.000, 1.000
 0.636, 1.276, 0.149, 1.000, 1.000
 0.579, 1.465, 0.149, 0.000, 1.000
 0.985, 0.605, 0.823, 1.000, 1.000
 1.055, 0.001, 0.473, 1.000, 1.000
 0.830, 0.535, 0.134, 1.000, 1.000
 0.629, 0.312, 1.056, 1.000, 1.000
 1.311, 0.817, 0.280, 1.000, 1.000
 0.575, 0.173, 0.121, 1.000, 1.000
 2.327, 0.270, 0.149, 1.000, 1.000
 0.568, 0.189, 0.378, 1.000, 1.000
 0.487, 1.603, 0.512, 1.000, 1.000
 0.557, 3.098, 0.149, 0.000, 1.000
 1.092, 0.811, 0.950, 0.000, 1.000
 0.630, 0.699, 0.149, 1.000, 1.000
 0.385, 0.838, 0.113, 1.000, 1.000
 1.622, 0.321, 0.102, 1.000, 0.000
 0.792, 0.031, 0.353, 1.000, 1.000
 0.803, 2.364, 0.180, 0.000, 0.000
 0.624, 0.076, 0.319, 1.000, 1.000
 1.124, 0.106, 0.781, 1.000, 1.000
 0.494, 0.497, 0.411, 1.000, 1.000
 0.425, 1.002, 0.310, 1.000, 1.000
 1.359, 0.944, 0.396, 0.000, 1.000
 0.516, 0.533, 0.538, 0.000, 0.000
 0.587, 1.673, 0.525, 1.000, 1.000
 0.661, 0.244, 0.149, 1.000, 1.000
 0.651, 1.175, 0.601, 1.000, 1.000
 0.564, 1.676, 0.123, 1.000, 1.000
 0.548, 0.543, 0.149, 1.000, 1.000
 0.664, 0.730, 0.551, 1.000, 1.000
 0.690, 1.220, 0.149, 1.000, 1.000
 0.831, 1.390, 0.141, 1.000, 1.000
 1.383, 0.882, 0.886, 1.000, 1.000
 0.885, 0.038, 0.500, 0.000, 1.000
 0.628, 0.166, 0.299, 0.000, 1.000
 0.474, 1.011, 1.146, 1.000, 1.000
 0.489, 0.909, 0.149, 0.000, 0.000
 0.533, 0.369, 0.198, 1.000, 1.000
 0.580, 0.209, 0.149, 0.000, 1.000
 0.637, 1.198, 0.149, 1.000, 0.000
 0.492, 1.120, 0.440, 1.000, 1.000
 0.706, 0.012, 0.106, 0.000, 0.000
 0.274, 0.547, 0.051, 0.000, 1.000
 0.506, 0.735, 0.151, 1.000, 1.000
 0.539, 0.150, 0.149, 1.000, 1.000
 0.772, 0.495, 0.353, 1.000, 1.000
 0.672, 2.389, 0.511, 1.000, 1.000
 0.804, 1.380, 1.124, 1.000, 1.000
 0.645, 0.834, 1.082, 1.000, 1.000
 0.762, 0.900, 0.501, 1.000, 1.000
 0.573, 1.239, 0.786, 1.000, 1.000
 0.684, 0.535, 0.341, 0.000, 0.000
 0.917, 0.303, 0.414, 1.000, 1.000
 0.549, 0.894, 0.097, 1.000, 1.000
 0.571, 0.760, 0.353, 0.000, 1.000
 0.586, 0.219, 0.530, 1.000, 1.000
 2.314, 0.310, 0.415, 0.000, 0.000
 0.528, 0.986, 0.599, 1.000, 1.000
 0.474, 0.543, 0.149, 1.000, 1.000
 0.571, 0.983, 1.306, 0.000, 0.000
 0.621, 2.283, 0.328, 1.000, 1.000
 0.511, 1.954, 0.319, 1.000, 1.000
 0.794, 3.593, 0.393, 0.000, 0.000
 1.103, 2.000, 0.835, 1.000, 1.000
 0.494, 1.052, 0.673, 1.000, 1.000
 0.544, 0.617, 0.103, 1.000, 1.000
 0.499, 1.331, 0.519, 1.000, 1.000
 0.574, 1.100, 0.149, 0.000, 1.000
 0.828, 1.358, 0.066, 1.000, 1.000
 0.514, 0.935, 0.149, 0.000, 1.000
 0.547, 2.165, 0.643, 1.000, 1.000
 0.682, 0.221, 0.909, 1.000, 1.000
 0.651, 0.208, 0.070, 1.000, 1.000
 0.533, 0.516, 0.284, 1.000, 1.000
 0.580, 1.112, 0.149, 1.000, 1.000
 0.461, 0.630, 0.149, 0.000, 1.000
 1.780, 0.540, 0.580, 1.000, 1.000
 0.838, 0.729, 0.549, 0.000, 0.000
 0.596, 0.607, 0.301, 0.000, 1.000
 0.854, 0.679, 0.138, 1.000, 1.000
 0.491, 0.237, 0.317, 1.000, 1.000
 1.303, 0.048, 0.893, 0.000, 1.000
 0.976, 0.144, 0.422, 1.000, 1.000
 0.850, 1.097, 0.149, 1.000, 1.000
 1.379, 0.868, 0.149, 1.000, 1.000
 1.301, 0.125, 0.471, 1.000, 1.000
 2.258, 0.600, 0.419, 0.000, 0.000
 0.504, 0.010, 1.241, 1.000, 1.000
 0.518, 0.424, 0.334, 1.000, 1.000
 0.615, 0.784, 0.123, 1.000, 1.000
 0.450, 1.358, 0.394, 1.000, 1.000
 0.698, 0.513, 0.337, 1.000, 1.000
 0.603, 1.920, 0.519, 1.000, 1.000
 1.596, 2.758, 0.417, 0.000, 0.000
 0.680, 0.906, 0.149, 1.000, 1.000
 0.627, 2.068, 0.391, 1.000, 1.000
 0.503, 1.562, 0.438, 1.000, 1.000
 0.413, 2.688, 0.149, 1.000, 1.000
 0.654, 0.220, 0.203, 0.000, 0.000
 0.467, 0.226, 1.188, 1.000, 1.000
 1.023, 0.412, 0.141, 1.000, 1.000
 0.889, 0.064, 0.070, 1.000, 0.000
 0.462, 1.189, 0.342, 1.000, 1.000
 0.545, 0.498, 0.149, 1.000, 1.000
 0.556, 0.764, 0.271, 1.000, 1.000
 0.433, 0.340, 0.149, 1.000, 1.000
 0.454, 0.201, 0.656, 0.000, 1.000
 0.913, 0.040, 0.544, 1.000, 1.000
 0.637, 0.525, 0.149, 1.000, 1.000
 0.615, 0.744, 0.314, 1.000, 1.000
 0.608, 0.336, 0.226, 0.000, 0.000
 1.151, 0.545, 0.149, 1.000, 1.000
 0.788, 0.515, 0.276, 1.000, 1.000
 0.733, 0.195, 0.665, 1.000, 0.000
 0.343, 1.355, 0.149, 0.000, 0.000
 0.276, 0.668, 0.415, 1.000, 1.000
 1.693, 1.043, 0.726, 1.000, 1.000
 0.533, 0.437, 0.904, 1.000, 1.000
 1.434, 1.393, 0.525, 1.000, 1.000
 1.075, 0.346, 0.149, 0.000, 1.000
 1.283, 0.927, 0.932, 0.000, 1.000
 0.398, 1.191, 0.149, 1.000, 1.000
 0.562, 0.347, 0.651, 1.000, 1.000
 0.627, 1.207, 0.376, 0.000, 1.000
 0.458, 0.933, 0.382, 1.000, 1.000
 0.976, 0.933, 0.410, 1.000, 1.000
 0.449, 0.843, 0.131, 0.000, 1.000
 0.381, 0.826, 0.148, 1.000, 1.000
 0.722, 2.678, 0.149, 1.000, 1.000
 0.659, 2.512, 0.149, 1.000, 1.000
 0.621, 2.028, 0.120, 0.000, 0.000
 0.612, 0.817, 0.149, 0.000, 0.000
 0.478, 1.725, 0.312, 1.000, 1.000
 0.572, 1.532, 0.149, 0.000, 1.000
 0.539, 1.373, 0.149, 1.000, 1.000
 0.684, 0.090, 0.149, 1.000, 1.000
 0.844, 0.120, 0.413, 1.000, 1.000
 0.623, 0.050, 1.069, 1.000, 1.000
 0.601, 0.147, 0.125, 1.000, 1.000
 0.554, 1.004, 0.121, 1.000, 1.000
 0.455, 0.951, 0.515, 1.000, 1.000
 0.514, 0.235, 0.449, 0.000, 0.000
 1.102, 0.057, 0.182, 1.000, 1.000
 0.519, 0.641, 0.132, 1.000, 1.000
 0.617, 1.406, 0.839, 1.000, 0.000
 0.786, 0.694, 0.398, 0.000, 1.000
 0.543, 0.017, 0.139, 1.000, 1.000
 0.563, 0.083, 0.513, 1.000, 1.000
 0.620, 0.877, 0.149, 0.000, 0.000
 1.236, 0.015, 1.058, 1.000, 1.000
 0.545, 2.000, 0.528, 0.000, 0.000
 0.679, 1.206, 0.546, 1.000, 1.000
 0.504, 0.480, 0.591, 1.000, 1.000
 1.091, 0.223, 0.569, 1.000, 0.000
 1.272, 0.986, 0.818, 0.000, 1.000
 0.548, 0.543, 0.727, 1.000, 1.000
 0.825, 0.155, 0.543, 1.000, 0.000
 0.463, 2.599, 0.331, 1.000, 1.000
 0.529, 1.796, 0.281, 1.000, 1.000
 0.645, 0.242, 0.149, 0.000, 1.000
 0.452, 0.201, 0.665, 1.000, 0.000
 1.240, 0.006, 0.789, 1.000, 1.000
 0.651, 0.596, 0.545, 1.000, 1.000
 0.484, 0.098, 0.858, 1.000, 1.000
 1.336, 0.618, 0.677, 1.000, 0.000
 0.474, 0.229, 0.324, 1.000, 1.000
 0.471, 0.985, 0.638, 1.000, 1.000
 0.599, 1.019, 0.448, 1.000, 1.000
 1.279, 1.244, 0.458, 1.000, 1.000
 0.487, 2.732, 0.336, 1.000, 1.000
 1.211, 0.069, 1.131, 1.000, 1.000
 0.554, 0.998, 0.149, 1.000, 1.000
 0.611, 1.145, 0.149, 1.000, 1.000
 0.498, 1.607, 0.535, 1.000, 1.000
 1.365, 0.244, 0.250, 1.000, 1.000
 0.603, 1.900, 0.149, 0.000, 0.000
 0.512, 0.161, 0.149, 1.000, 1.000
 0.577, 0.256, 0.149, 1.000, 1.000
 1.012, 0.514, 0.945, 1.000, 1.000
 0.587, 0.210, 0.123, 0.000, 1.000
 0.546, 0.281, 0.241, 1.000, 1.000
 0.657, 0.447, 0.638, 1.000, 1.000
 1.534, 0.065, 0.598, 1.000, 1.000
 0.520, 0.667, 0.285, 0.000, 1.000
 0.730, 0.384, 0.149, 1.000, 1.000
 0.697, 1.053, 0.149, 1.000, 1.000
 1.511, 0.149, 0.149, 1.000, 1.000
 0.603, 0.661, 0.149, 1.000, 1.000
 1.615, 1.177, 0.525, 1.000, 1.000
 1.431, 0.260, 0.149, 1.000, 1.000
 0.630, 0.862, 0.270, 1.000, 1.000
 0.578, 1.138, 0.149, 0.000, 1.000
 0.451, 0.004, 0.690, 1.000, 1.000
 1.083, 0.486, 0.476, 1.000, 1.000
 0.677, 1.266, 0.378, 0.000, 0.000
 0.643, 0.698, 0.122, 1.000, 1.000
 0.462, 0.898, 0.518, 1.000, 0.000
 0.720, 1.381, 0.164, 1.000, 1.000
 0.858, 1.006, 0.208, 1.000, 1.000
 0.673, 0.031, 0.352, 1.000, 1.000
 0.605, 0.375, 1.065, 1.000, 1.000
 1.093, 0.738, 0.500, 1.000, 1.000
 0.631, 1.714, 0.877, 1.000, 0.000
 0.472, 2.173, 0.336, 1.000, 1.000
 1.717, 0.186, 0.104, 1.000, 1.000
 0.588, 0.098, 0.135, 1.000, 1.000
 0.693, 1.445, 1.023, 1.000, 1.000
 0.131, 1.677, 0.149, 1.000, 0.000
 0.649, 2.065, 0.309, 1.000, 1.000
 0.550, 1.412, 0.149, 1.000, 1.000
 0.607, 1.255, 0.149, 1.000, 1.000
 0.437, 1.895, 0.709, 1.000, 1.000
 0.579, 0.235, 0.149, 1.000, 1.000
 0.527, 0.374, 0.149, 1.000, 1.000
 0.489, 0.684, 0.150, 1.000, 1.000
 0.446, 0.626, 0.336, 1.000, 1.000
 0.516, 0.495, 0.136, 0.000, 1.000
 0.580, 1.627, 0.149, 0.000, 0.000
 0.532, 0.689, 0.847, 1.000, 1.000
 0.973, 0.522, 0.331, 1.000, 1.000
 0.639, 1.148, 0.149, 0.000, 1.000
 0.577, 1.273, 0.351, 1.000, 0.000
 0.664, 0.416, 0.199, 1.000, 1.000
 0.836, 0.468, 0.328, 1.000, 1.000
 0.527, 0.258, 0.120, 1.000, 1.000
 0.535, 1.591, 0.832, 1.000, 0.000
 0.492, 0.640, 0.130, 1.000, 1.000
 0.543, 0.871, 0.202, 1.000, 1.000
 0.681, 1.245, 0.149, 0.000, 0.000
 0.627, 0.803, 0.149, 0.000, 0.000
 0.479, 1.620, 0.124, 1.000, 1.000
 0.844, 0.404, 0.407, 1.000, 1.000
 0.312, 1.187, 1.083, 0.000, 0.000
 0.683, 1.018, 0.132, 1.000, 1.000
 0.912, 0.725, 0.622, 1.000, 1.000
 0.660, 0.115, 0.544, 0.000, 1.000
 0.678, 0.090, 0.149, 0.000, 1.000
 0.458, 0.118, 0.176, 1.000, 1.000
 0.632, 1.154, 0.538, 1.000, 1.000
 0.551, 1.393, 0.149, 1.000, 1.000
 1.711, 0.369, 0.224, 1.000, 1.000
 0.414, 0.222, 0.278, 0.000, 0.000
 0.775, 0.413, 0.276, 1.000, 1.000
 0.510, 0.554, 1.160, 1.000, 1.000
 0.458, 0.126, 0.149, 1.000, 1.000
 0.469, 0.236, 0.309, 1.000, 1.000
 0.922, 0.209, 0.149, 1.000, 1.000
 0.690, 2.517, 0.389, 0.000, 0.000
 1.281, 0.138, 0.149, 1.000, 1.000
 0.718, 0.014, 0.379, 1.000, 1.000
 0.541, 0.144, 0.184, 1.000, 1.000
 0.541, 0.099, 0.492, 1.000, 1.000
 0.589, 2.124, 0.278, 1.000, 1.000
 0.642, 0.188, 0.176, 0.000, 0.000
 0.501, 0.255, 0.284, 1.000, 1.000
 0.890, 1.347, 1.025, 0.000, 1.000
 0.455, 0.365, 0.149, 0.000, 1.000
 0.833, 0.505, 1.127, 1.000, 1.000
 0.513, 0.759, 0.148, 1.000, 1.000
 1.318, 0.185, 0.149, 1.000, 1.000
 0.361, 0.962, 0.149, 0.000, 1.000
 1.203, 0.441, 0.331, 1.000, 1.000
 0.478, 1.538, 0.305, 1.000, 1.000
 0.522, 0.164, 0.378, 1.000, 1.000
 0.555, 0.216, 0.314, 1.000, 1.000
 0.639, 0.625, 0.149, 1.000, 1.000
 2.965, 0.016, 0.434, 0.000, 1.000
 0.675, 0.735, 0.549, 1.000, 1.000
 0.952, 0.923, 0.336, 1.000, 1.000
 0.580, 1.580, 0.149, 1.000, 1.000
 0.488, 0.069, 0.149, 0.000, 0.000
 0.488, 0.459, 0.149, 0.000, 1.000
 0.476, 0.401, 0.149, 1.000, 0.000
 0.647, 2.665, 0.409, 1.000, 1.000
 0.547, 0.440, 0.270, 1.000, 1.000
 0.549, 0.669, 0.270, 1.000, 1.000
 0.511, 0.605, 0.351, 0.000, 1.000
 0.493, 2.300, 0.529, 1.000, 1.000
 0.587, 1.287, 0.149, 1.000, 1.000
 0.478, 1.425, 0.165, 1.000, 1.000
 0.519, 0.643, 0.149, 0.000, 1.000
 0.414, 0.941, 0.149, 1.000, 1.000
 0.610, 2.331, 0.301, 1.000, 1.000
 0.739, 0.226, 0.544, 1.000, 1.000
 0.465, 0.344, 0.149, 1.000, 1.000
 0.533, 1.167, 0.479, 1.000, 1.000
 0.524, 1.682, 0.641, 1.000, 1.000
 0.725, 0.721, 0.149, 1.000, 1.000
 0.819, 0.139, 0.180, 1.000, 0.000
 1.966, 0.121, 0.573, 0.000, 1.000
 0.614, 1.169, 1.083, 1.000, 1.000
 0.580, 0.154, 0.149, 0.000, 1.000
 0.570, 0.152, 0.157, 1.000, 1.000
 0.660, 0.769, 0.407, 1.000, 1.000
 0.510, 1.135, 0.537, 1.000, 1.000
 0.569, 0.015, 0.281, 0.000, 1.000
 0.697, 0.406, 1.011, 1.000, 1.000
 0.563, 0.034, 0.451, 1.000, 1.000
 0.510, 1.767, 0.149, 0.000, 0.000
 0.550, 0.381, 1.009, 1.000, 1.000
 0.486, 0.964, 0.365, 1.000, 1.000
 0.601, 0.162, 0.441, 0.000, 0.000
 0.922, 0.726, 0.536, 1.000, 1.000
 0.749, 0.572, 0.548, 1.000, 1.000
 0.641, 0.528, 0.137, 1.000, 1.000
 0.338, 2.129, 1.068, 1.000, 1.000
 0.572, 1.479, 0.149, 1.000, 1.000
 0.722, 0.768, 0.149, 1.000, 1.000
 1.288, 0.758, 0.885, 0.000, 1.000
 0.535, 0.317, 0.149, 1.000, 1.000
 0.559, 0.678, 0.791, 1.000, 0.000
 1.085, 1.365, 0.130, 0.000, 1.000
 0.769, 2.688, 0.297, 0.000, 0.000
 0.593, 0.597, 0.705, 0.000, 0.000
 0.638, 0.561, 0.203, 0.000, 1.000
 0.554, 0.007, 0.277, 0.000, 0.000
 0.480, 0.448, 0.149, 1.000, 1.000
 0.473, 0.337, 0.223, 1.000, 1.000
 0.561, 1.027, 0.101, 0.000, 1.000
 0.546, 1.883, 0.132, 0.000, 1.000
 0.611, 0.311, 0.149, 1.000, 1.000
 1.600, 0.417, 0.257, 1.000, 1.000
 0.461, 1.308, 0.278, 1.000, 1.000
 0.331, 1.639, 0.149, 1.000, 1.000
 0.642, 0.082, 0.149, 1.000, 1.000
 1.653, 0.973, 0.694, 1.000, 1.000
 1.156, 0.391, 0.288, 0.000, 1.000
 0.470, 2.160, 0.361, 1.000, 1.000
 0.539, 0.203, 0.149, 1.000, 1.000
 0.492, 1.142, 0.337, 1.000, 1.000
 0.660, 0.759, 0.149, 0.000, 0.000
 0.711, 1.230, 0.545, 1.000, 1.000
 0.594, 0.501, 0.149, 1.000, 1.000
 0.704, 0.484, 0.276, 1.000, 1.000
 0.470, 0.966, 0.099, 1.000, 0.000
 0.430, 1.916, 0.282, 0.000, 0.000
 0.917, 0.213, 0.382, 1.000, 1.000
 0.656, 1.412, 0.508, 1.000, 1.000
 0.661, 0.941, 0.149, 1.000, 1.000
 1.554, 0.405, 0.329, 1.000, 1.000
 0.552, 0.443, 0.127, 1.000, 1.000
 0.565, 0.346, 0.149, 1.000, 1.000
 0.491, 0.689, 0.104, 0.000, 1.000
 0.529, 4.323, 0.537, 1.000, 1.000
 0.709, 0.908, 0.550, 1.000, 1.000
 0.460, 0.617, 0.149, 1.000, 1.000
 0.606, 0.502, 0.521, 1.000, 1.000
 0.579, 0.265, 0.855, 1.000, 1.000
 0.631, 0.613, 0.550, 1.000, 1.000
 0.609, 0.701, 0.149, 1.000, 1.000
 0.733, 0.133, 0.489, 0.000, 1.000
 0.486, 0.900, 0.621, 1.000, 1.000
 0.613, 0.474, 0.149, 1.000, 1.000
 2.011, 0.159, 0.373, 0.000, 1.000
 0.427, 0.284, 0.657, 1.000, 1.000
 0.488, 0.010, 0.286, 1.000, 1.000
 0.772, 0.579, 0.563, 1.000, 1.000
 0.500, 0.397, 0.368, 0.000, 0.000
 0.577, 1.237, 0.839, 1.000, 1.000
 0.501, 0.512, 1.050, 1.000, 0.000
 0.529, 0.258, 0.149, 0.000, 1.000
 0.688, 0.749, 1.266, 0.000, 1.000
 1.038, 0.122, 0.463, 1.000, 1.000
 0.612, 1.214, 0.418, 1.000, 1.000
 1.463, 0.059, 0.287, 1.000, 1.000
 0.675, 1.246, 0.841, 1.000, 1.000
 0.722, 0.234, 0.546, 1.000, 1.000
 0.602, 0.827, 0.524, 1.000, 1.000
 0.563, 1.987, 0.149, 1.000, 1.000
 0.636, 2.091, 0.361, 0.000, 1.000
 0.662, 0.506, 0.966, 1.000, 1.000
 0.453, 0.231, 0.550, 1.000, 1.000
 1.306, 0.852, 0.757, 0.000, 1.000
 0.884, 1.126, 1.097, 1.000, 1.000
 0.674, 0.968, 0.969, 1.000, 1.000
 1.167, 0.235, 0.585, 1.000, 0.000
 0.658, 0.833, 0.284, 0.000, 1.000
 0.567, 0.827, 0.149, 1.000, 1.000
 1.373, 1.889, 0.897, 1.000, 1.000
 0.460, 0.451, 0.133, 1.000, 1.000
 1.251, 0.875, 0.486, 1.000, 1.000
 0.622, 0.719, 0.149, 0.000, 1.000
 0.671, 0.108, 0.149, 0.000, 1.000
 0.640, 1.008, 0.149, 0.000, 1.000
 0.572, 0.393, 1.151, 0.000, 0.000
 0.617, 1.383, 1.126, 1.000, 1.000
 0.585, 0.369, 0.131, 0.000, 1.000
 1.494, 0.679, 0.556, 1.000, 1.000
 0.487, 0.706, 0.139, 1.000, 1.000
 1.275, 1.273, 0.779, 1.000, 1.000
 1.249, 2.270, 0.803, 1.000, 1.000
 0.846, 0.579, 0.550, 1.000, 1.000
 0.596, 0.455, 0.149, 1.000, 1.000
 0.643, 2.201, 0.415, 1.000, 1.000
 1.602, 1.768, 0.521, 1.000, 1.000
 0.645, 0.249, 0.131, 0.000, 1.000
 0.275, 0.241, 0.149, 0.000, 0.000
 1.070, 1.203, 0.504, 0.000, 1.000
 1.162, 0.962, 0.885, 0.000, 1.000
 1.036, 1.499, 0.406, 1.000, 0.000
 1.089, 1.009, 0.141, 1.000, 1.000
 0.685, 3.627, 0.419, 0.000, 0.000
 0.452, 0.423, 0.149, 1.000, 1.000
 1.309, 0.151, 0.149, 1.000, 1.000
 0.463, 1.134, 0.500, 1.000, 1.000
 0.513, 0.436, 0.227, 0.000, 1.000
 0.571, 0.100, 0.477, 1.000, 1.000
 0.732, 1.267, 0.543, 1.000, 1.000
 0.510, 0.221, 0.149, 1.000, 1.000
 0.647, 1.660, 0.149, 1.000, 1.000
 0.572, 0.099, 0.844, 1.000, 1.000
 1.232, 1.478, 0.141, 1.000, 1.000
 0.639, 2.305, 0.149, 0.000, 1.000
 0.616, 0.213, 0.149, 1.000, 1.000
 0.535, 1.239, 0.149, 1.000, 1.000
 0.453, 0.914, 0.149, 1.000, 1.000
 0.558, 0.061, 1.024, 1.000, 1.000
 0.460, 0.225, 0.446, 1.000, 1.000
 1.243, 0.559, 1.004, 0.000, 1.000
 0.790, 0.244, 0.331, 1.000, 1.000
 0.493, 0.037, 0.149, 1.000, 1.000
 0.869, 2.610, 0.524, 1.000, 1.000
 0.490, 0.545, 0.202, 1.000, 1.000
 0.449, 0.563, 0.339, 1.000, 1.000
 0.587, 1.093, 0.338, 1.000, 1.000
 0.510, 1.150, 0.149, 1.000, 1.000
 0.470, 2.105, 0.283, 1.000, 1.000
 0.959, 0.633, 1.062, 1.000, 1.000
 0.471, 0.669, 0.423, 1.000, 1.000
 0.858, 0.723, 0.491, 0.000, 1.000
 2.741, 0.168, 0.442, 1.000, 1.000
 0.696, 0.872, 0.491, 1.000, 1.000
 0.723, 0.941, 0.149, 1.000, 1.000
 0.691, 1.924, 0.190, 1.000, 1.000
 0.748, 0.161, 0.549, 1.000, 1.000
 0.477, 1.287, 0.520, 1.000, 1.000
 1.057, 0.160, 0.331, 1.000, 1.000
 0.497, 2.855, 0.940, 1.000, 1.000
 0.493, 0.066, 0.180, 1.000, 0.000
 0.742, 1.176, 0.325, 1.000, 1.000
 0.619, 0.694, 0.353, 1.000, 1.000
 0.639, 1.011, 0.577, 0.000, 1.000
 0.518, 0.210, 0.506, 0.000, 0.000
 1.036, 0.135, 0.503, 0.000, 0.000
 0.527, 2.269, 0.641, 1.000, 1.000
 1.282, 0.383, 0.228, 0.000, 1.000
 0.591, 0.316, 0.522, 1.000, 1.000
 2.728, 0.005, 0.983, 1.000, 1.000
 0.604, 1.102, 0.149, 1.000, 1.000
 0.481, 1.276, 0.371, 0.000, 1.000
 0.547, 0.090, 0.362, 1.000, 1.000
 0.118, 0.293, 0.147, 1.000, 1.000
 2.162, 0.270, 0.149, 0.000, 0.000
 1.652, 0.151, 0.569, 0.000, 1.000
 0.536, 0.358, 0.493, 0.000, 1.000
 0.491, 0.581, 0.149, 1.000, 0.000
 0.717, 0.835, 0.901, 1.000, 1.000
 0.524, 0.263, 0.146, 1.000, 1.000
 0.528, 0.503, 1.047, 1.000, 1.000
 1.475, 0.048, 0.933, 0.000, 1.000
 1.638, 0.952, 0.843, 1.000, 1.000
 0.523, 0.547, 0.458, 1.000, 1.000
 1.110, 0.041, 0.149, 0.000, 1.000
 0.579, 1.505, 0.149, 1.000, 1.000
 0.782, 1.526, 0.549, 1.000, 1.000
 0.469, 0.972, 0.524, 1.000, 1.000
 0.624, 1.150, 0.149, 0.000, 1.000
 0.523, 1.000, 0.149, 0.000, 1.000
 0.500, 0.783, 0.149, 1.000, 1.000
 0.564, 0.634, 0.123, 1.000, 1.000
 0.557, 0.645, 0.440, 1.000, 1.000
 1.520, 0.877, 0.389, 0.000, 1.000
 0.652, 0.272, 0.539, 1.000, 1.000
 0.505, 1.007, 0.538, 1.000, 1.000
 0.458, 0.026, 0.095, 1.000, 1.000
 1.220, 0.082, 0.283, 1.000, 1.000
 0.335, 2.151, 0.700, 0.000, 0.000
 0.644, 0.730, 0.361, 1.000, 1.000
 0.498, 1.088, 0.149, 0.000, 1.000
 0.580, 0.895, 0.135, 1.000, 1.000
 0.648, 1.022, 0.149, 1.000, 0.000
 0.590, 0.005, 0.541, 1.000, 1.000
 1.609, 0.600, 0.151, 1.000, 0.000
 0.472, 0.763, 0.197, 0.000, 0.000
 0.628, 2.874, 0.420, 1.000, 1.000
 0.605, 0.265, 0.535, 1.000, 1.000
 0.470, 0.077, 0.332, 1.000, 1.000
 1.177, 0.130, 0.183, 1.000, 1.000
 0.505, 0.381, 0.656, 0.000, 1.000
 0.865, 0.695, 0.282, 1.000, 1.000
 1.129, 0.334, 0.149, 1.000, 1.000
 0.771, 1.689, 0.284, 0.000, 1.000
 0.595, 0.262, 0.149, 1.000, 1.000
 0.509, 0.986, 0.283, 1.000, 1.000
 0.616, 0.160, 0.149, 0.000, 0.000
 0.458, 0.596, 0.440, 1.000, 1.000
 0.614, 0.164, 0.149, 1.000, 1.000
 1.637, 0.535, 0.149, 0.000, 1.000
 1.444, 0.255, 0.375, 1.000, 1.000
 1.435, 0.390, 0.149, 1.000, 1.000
 0.530, 1.488, 0.149, 1.000, 1.000
 0.482, 1.109, 0.332, 1.000, 1.000
 0.935, 0.414, 0.065, 1.000, 1.000
 0.562, 1.503, 0.149, 0.000, 1.000
 0.734, 0.219, 0.438, 1.000, 1.000
 0.766, 0.821, 1.142, 1.000, 1.000
 0.457, 0.424, 0.692, 0.000, 1.000
 0.826, 1.407, 0.323, 1.000, 1.000
 1.045, 0.558, 1.122, 1.000, 1.000
 0.609, 4.007, 0.410, 0.000, 1.000
 0.589, 1.894, 0.477, 0.000, 0.000
 1.196, 1.450, 0.415, 0.000, 0.000
 0.689, 1.208, 0.547, 1.000, 1.000
 0.585, 0.925, 0.104, 0.000, 1.000
 0.550, 0.312, 0.479, 0.000, 1.000
 0.611, 0.902, 0.327, 1.000, 1.000
 0.736, 0.532, 0.149, 1.000, 1.000
 0.526, 1.046, 0.149, 1.000, 1.000
 0.528, 0.564, 0.481, 1.000, 1.000
 0.955, 0.009, 0.394, 1.000, 1.000
 0.675, 0.813, 0.231, 0.000, 1.000
 0.776, 0.414, 0.284, 1.000, 1.000
 0.634, 2.884, 0.518, 0.000, 0.000
 0.614, 0.246, 0.115, 0.000, 1.000
 0.592, 0.401, 0.494, 0.000, 1.000
 0.560, 0.464, 0.149, 0.000, 0.000
 0.602, 0.111, 0.531, 1.000, 1.000
 0.525, 4.223, 0.297, 0.000, 0.000
 1.089, 1.057, 0.886, 0.000, 1.000
 0.479, 0.375, 0.323, 1.000, 1.000
 1.524, 0.487, 0.371, 1.000, 1.000
 0.430, 0.631, 1.237, 1.000, 0.000
 1.006, 1.044, 0.199, 0.000, 0.000
 0.541, 0.181, 0.674, 1.000, 1.000
 0.586, 0.017, 0.332, 1.000, 1.000
 0.516, 0.962, 0.149, 0.000, 1.000
 0.677, 0.344, 0.391, 1.000, 1.000
 0.590, 0.838, 0.518, 1.000, 1.000
 0.673, 2.443, 0.149, 1.000, 1.000
 0.493, 0.017, 0.687, 0.000, 1.000
 0.497, 1.330, 0.341, 1.000, 1.000
 0.583, 0.163, 0.567, 0.000, 1.000
 0.585, 0.247, 0.134, 1.000, 1.000
 0.561, 1.339, 0.149, 0.000, 0.000
 1.035, 0.439, 0.361, 0.000, 1.000
 0.672, 0.491, 0.149, 1.000, 1.000
 0.498, 0.063, 0.859, 1.000, 1.000
 1.533, 0.575, 0.107, 1.000, 1.000
 0.635, 0.842, 0.464, 1.000, 1.000
 0.589, 0.310, 0.149, 1.000, 1.000
 0.971, 0.166, 0.600, 1.000, 0.000
 0.947, 0.071, 0.178, 1.000, 1.000
 0.762, 0.449, 0.550, 1.000, 1.000
 0.543, 1.365, 0.401, 1.000, 1.000
 0.601, 0.054, 1.134, 1.000, 1.000
 1.835, 0.584, 0.563, 1.000, 1.000
 0.454, 2.930, 0.149, 1.000, 1.000
 1.858, 0.393, 0.418, 0.000, 1.000
 0.656, 0.804, 0.149, 1.000, 1.000
 0.606, 0.198, 0.537, 1.000, 1.000
 1.416, 0.167, 0.149, 1.000, 1.000
 1.073, 0.730, 0.908, 1.000, 1.000
 0.503, 0.350, 0.149, 1.000, 1.000
 0.695, 0.981, 0.185, 1.000, 1.000
 0.662, 0.348, 0.149, 1.000, 1.000
 1.223, 0.296, 0.419, 0.000, 1.000
 0.567, 0.409, 0.149, 1.000, 1.000
 0.546, 0.445, 0.537, 0.000, 1.000
 0.570, 2.493, 0.149, 1.000, 1.000
 0.340, 0.800, 0.149, 1.000, 1.000
 0.681, 0.194, 0.149, 0.000, 1.000
 0.494, 0.941, 0.690, 0.000, 1.000
 0.622, 0.130, 0.416, 1.000, 1.000
 0.661, 0.484, 0.196, 0.000, 1.000
 0.888, 0.659, 1.198, 1.000, 1.000
 1.636, 0.438, 0.149, 1.000, 1.000
 0.958, 0.197, 0.850, 0.000, 0.000
 1.120, 0.078, 0.569, 1.000, 1.000
 0.631, 0.117, 0.530, 1.000, 1.000
 0.478, 0.075, 0.388, 1.000, 1.000
 0.643, 1.031, 0.149, 1.000, 1.000
 1.464, 0.337, 0.375, 1.000, 1.000
 0.536, 0.018, 0.284, 0.000, 1.000
 0.602, 0.502, 1.246, 1.000, 1.000
 0.615, 3.328, 0.417, 1.000, 1.000
 0.565, 0.659, 0.085, 0.000, 0.000
 0.712, 0.312, 0.551, 0.000, 0.000
 0.772, 1.610, 0.284, 1.000, 1.000
 1.155, 0.920, 0.802, 1.000, 1.000
 1.448, 0.187, 0.149, 1.000, 1.000
 0.733, 1.367, 0.653, 0.000, 0.000
 0.495, 1.826, 0.149, 1.000, 1.000
 0.644, 0.725, 0.278, 0.000, 1.000
 1.545, 0.182, 0.149, 0.000, 1.000
 0.622, 0.528, 0.440, 1.000, 1.000
 1.296, 0.300, 0.797, 1.000, 1.000
 0.640, 0.234, 0.860, 1.000, 1.000
 1.210, 1.234, 0.279, 1.000, 1.000
 0.668, 1.545, 0.149, 0.000, 1.000
 0.671, 0.894, 0.149, 1.000, 1.000
 0.646, 0.774, 0.529, 1.000, 1.000
 1.175, 0.772, 0.490, 1.000, 1.000
 0.764, 0.276, 0.331, 1.000, 1.000
 0.577, 1.090, 0.149, 0.000, 0.000
 0.579, 0.972, 0.531, 1.000, 1.000
 0.795, 1.938, 0.283, 0.000, 0.000
 0.600, 0.309, 0.227, 0.000, 1.000
 0.794, 0.816, 1.005, 1.000, 1.000
 0.477, 0.582, 0.131, 0.000, 1.000
 0.446, 0.272, 0.688, 1.000, 1.000
 1.555, 0.723, 0.149, 1.000, 1.000
 0.823, 0.682, 0.204, 0.000, 0.000
 2.565, 0.142, 0.412, 1.000, 1.000
 0.657, 0.408, 0.393, 1.000, 1.000
 1.597, 0.076, 0.077, 0.000, 0.000
 1.336, 0.201, 0.894, 0.000, 1.000
 0.575, 0.479, 0.987, 1.000, 1.000
 0.499, 0.238, 0.667, 0.000, 1.000
 0.471, 0.102, 0.149, 0.000, 1.000
 0.531, 0.021, 0.149, 1.000, 1.000
 0.996, 0.265, 0.349, 1.000, 1.000
